,model,run,timed,implementation,initial_parameters,final_parameters,learning_time,learning_rounds,training_set_loglikelihood
0,Tandem,1,True,CLASSIC,"[1.4879977676144132, 3.088973656283924, 3.0503299825732415, 4.684002414279529]","{'mu1a': 0.3181621565795225, 'mu1b': 1.7675735822522372, 'mu2': 1.9473377928463032, 'kappa': 4.128625130284116}",1393.943079,3,7158.0719253376137203
1,Tandem,1,True,SYMBOLIC,"[1.4879977676144132, 3.088973656283924, 3.0503299825732415, 4.684002414279529]","{'mu1a': 0.3181621565795225, 'mu1b': 1.7675735822522372, 'mu2': 1.947337792846303, 'kappa': 4.128625130284116}",125.123237,3,7158.071925337612811
2,Tandem,1,True,SYMBOLIC_LOG_SEMIRING,"[1.4879977676144132, 3.088973656283924, 3.0503299825732415, 4.684002414279529]","{'mu1a': 0.31816215657952207, 'mu1b': 1.7675735822522338, 'mu2': 1.9473377928462992, 'kappa': 4.128625130284118}",125.122606,3,7158.071925337616449
3,Tandem,1,False,CLASSIC,"[1.4879977676144132, 3.088973656283924, 3.0503299825732415, 4.684002414279529]","{'mu1a': 0.18631446047683506, 'mu1b': 1.8167075309776164, 'mu2': 3.519049193220429, 'kappa': 3.9723518704661944}",2056.83173,24,-695.90774341431392713
4,Tandem,1,False,SYMBOLIC,"[1.4879977676144132, 3.088973656283924, 3.0503299825732415, 4.684002414279529]","{'mu1a': 0.18631446047683503, 'mu1b': 1.8167075309776168, 'mu2': 3.51904919322043, 'kappa': 3.9723518704661944}",823.197598,24,-695.90774341431392713
5,Tandem,1,False,SYMBOLIC_LOG_SEMIRING,"[1.4879977676144132, 3.088973656283924, 3.0503299825732415, 4.684002414279529]","{'mu1a': 0.18631446047683498, 'mu1b': 1.8167075309776153, 'mu2': 3.5190491932204284, 'kappa': 3.972351870466195}",825.012498,24,-695.90774341431392713
6,Tandem,2,True,CLASSIC,"[1.9052296982038843, 0.6274443478599093, 1.7935639081302257, 4.181518147139868]","{'mu1a': 0.17931001107001016, 'mu1b': 1.81156358840387, 'mu2': 1.7269792780994788, 'kappa': 3.8875099208189097}",1410.928322,3,7191.7169421972648706
7,Tandem,2,True,SYMBOLIC,"[1.9052296982038843, 0.6274443478599093, 1.7935639081302257, 4.181518147139868]","{'mu1a': 0.17931001107001016, 'mu1b': 1.8115635884038706, 'mu2': 1.7269792780994788, 'kappa': 3.887509920818909}",125.107266,3,7191.7169421972648706
8,Tandem,2,True,SYMBOLIC_LOG_SEMIRING,"[1.9052296982038843, 0.6274443478599093, 1.7935639081302257, 4.181518147139868]","{'mu1a': 0.17931001107000785, 'mu1b': 1.8115635884038703, 'mu2': 1.7269792780994815, 'kappa': 3.8875099208189194}",125.252059,3,7191.7169421972612326
9,Tandem,2,False,CLASSIC,"[1.9052296982038843, 0.6274443478599093, 1.7935639081302257, 4.181518147139868]","{'mu1a': 0.14279475002476957, 'mu1b': 1.8713409572160387, 'mu2': 1.6168625196387427, 'kappa': 4.054378503743831}",1174.542415,16,-693.2642520047804737
10,Tandem,2,False,SYMBOLIC,"[1.9052296982038843, 0.6274443478599093, 1.7935639081302257, 4.181518147139868]","{'mu1a': 0.14279475002476957, 'mu1b': 1.8713409572160384, 'mu2': 1.6168625196387432, 'kappa': 4.054378503743832}",481.308462,16,-693.2642520047807011
11,Tandem,2,False,SYMBOLIC_LOG_SEMIRING,"[1.9052296982038843, 0.6274443478599093, 1.7935639081302257, 4.181518147139868]","{'mu1a': 0.14279475002476943, 'mu1b': 1.871340957216037, 'mu2': 1.616862519638743, 'kappa': 4.054378503743829}",482.375547,16,-693.2642520047805874
12,Tandem,3,True,CLASSIC,"[1.1917253576915874, 0.2270283323168278, 4.776540472256847, 4.23784506176558]","{'mu1a': 0.22369222578592365, 'mu1b': 1.6403515043997838, 'mu2': 2.1330809213095807, 'kappa': 4.0518236200040505}",1319.736481,3,7124.7887421218392774
13,Tandem,3,True,SYMBOLIC,"[1.1917253576915874, 0.2270283323168278, 4.776540472256847, 4.23784506176558]","{'mu1a': 0.22369222578592363, 'mu1b': 1.640351504399784, 'mu2': 2.1330809213095803, 'kappa': 4.0518236200040505}",118.736636,3,7124.7887421218392774
14,Tandem,3,True,SYMBOLIC_LOG_SEMIRING,"[1.1917253576915874, 0.2270283323168278, 4.776540472256847, 4.23784506176558]","{'mu1a': 0.22369222578592377, 'mu1b': 1.640351504399784, 'mu2': 2.133080921309586, 'kappa': 4.051823620004051}",119.323193,3,7124.788742121840187
15,Tandem,3,False,CLASSIC,"[1.1917253576915874, 0.2270283323168278, 4.776540472256847, 4.23784506176558]","{'mu1a': 0.24764066768952891, 'mu1b': 1.8340025351542855, 'mu2': 3.522343417629773, 'kappa': 4.472288002097512}",1254.642124,18,-712.51176085108602365
16,Tandem,3,False,SYMBOLIC,"[1.1917253576915874, 0.2270283323168278, 4.776540472256847, 4.23784506176558]","{'mu1a': 0.24764066768952891, 'mu1b': 1.8340025351542855, 'mu2': 3.522343417629773, 'kappa': 4.472288002097512}",510.051236,18,-712.51176085108602365
17,Tandem,3,False,SYMBOLIC_LOG_SEMIRING,"[1.1917253576915874, 0.2270283323168278, 4.776540472256847, 4.23784506176558]","{'mu1a': 0.2476406676895288, 'mu1b': 1.8340025351542848, 'mu2': 3.522343417629769, 'kappa': 4.472288002097503}",510.076937,18,-712.51176085108613734
18,Tandem,4,True,CLASSIC,"[1.39066053784405, 1.136531298558277, 3.9812386481816504, 1.0771801088898796]","{'mu1a': 0.21030666995318859, 'mu1b': 1.667638775418855, 'mu2': 1.7814972710037398, 'kappa': 3.878442512193946}",1319.858267,3,7058.8152346876531738
19,Tandem,4,True,SYMBOLIC,"[1.39066053784405, 1.136531298558277, 3.9812386481816504, 1.0771801088898796]","{'mu1a': 0.21030666995318859, 'mu1b': 1.6676387754188549, 'mu2': 1.7814972710037398, 'kappa': 3.8784425121939456}",117.96614,3,7058.8152346876531738
20,Tandem,4,True,SYMBOLIC_LOG_SEMIRING,"[1.39066053784405, 1.136531298558277, 3.9812386481816504, 1.0771801088898796]","{'mu1a': 0.21030666995318725, 'mu1b': 1.667638775418855, 'mu2': 1.7814972710037393, 'kappa': 3.8784425121939523}",118.171886,3,7058.8152346876495358
21,Tandem,4,False,CLASSIC,"[1.39066053784405, 1.136531298558277, 3.9812386481816504, 1.0771801088898796]","{'mu1a': 0.2592473663669506, 'mu1b': 2.0828688644834967, 'mu2': 4.38681646945779, 'kappa': 5.274861448001146}",1793.478239,22,-756.5652646029718653
22,Tandem,4,False,SYMBOLIC,"[1.39066053784405, 1.136531298558277, 3.9812386481816504, 1.0771801088898796]","{'mu1a': 0.25924736636695067, 'mu1b': 2.0828688644834967, 'mu2': 4.386816469457789, 'kappa': 5.274861448001148}",708.683667,22,-756.565264602971979
23,Tandem,4,False,SYMBOLIC_LOG_SEMIRING,"[1.39066053784405, 1.136531298558277, 3.9812386481816504, 1.0771801088898796]","{'mu1a': 0.2592473663669508, 'mu1b': 2.0828688644834967, 'mu2': 4.386816469457793, 'kappa': 5.274861448001146}",709.341315,22,-756.5652646029720927
24,Tandem,5,True,CLASSIC,"[1.5063347238290272, 1.2119689933640576, 1.8246246044172332, 2.861350176273955]","{'mu1a': 0.19052674989911927, 'mu1b': 1.8668300432506837, 'mu2': 2.4026710959632895, 'kappa': 3.988014697572599}",1315.5048,3,7045.625081660556134
25,Tandem,5,True,SYMBOLIC,"[1.5063347238290272, 1.2119689933640576, 1.8246246044172332, 2.861350176273955]","{'mu1a': 0.19052674989911927, 'mu1b': 1.8668300432506844, 'mu2': 2.4026710959632895, 'kappa': 3.988014697572599}",118.01133,3,7045.625081660556134
26,Tandem,5,True,SYMBOLIC_LOG_SEMIRING,"[1.5063347238290272, 1.2119689933640576, 1.8246246044172332, 2.861350176273955]","{'mu1a': 0.19052674989911902, 'mu1b': 1.8668300432506875, 'mu2': 2.402671095963289, 'kappa': 3.9880146975725945}",117.883085,3,7045.625081660556134
27,Tandem,5,False,CLASSIC,"[1.5063347238290272, 1.2119689933640576, 1.8246246044172332, 2.861350176273955]","{'mu1a': 0.19249503921586544, 'mu1b': 1.830409881132324, 'mu2': 2.172721607331159, 'kappa': 4.938531976229381}",768.077863,11,-689.485684024566126
28,Tandem,5,False,SYMBOLIC,"[1.5063347238290272, 1.2119689933640576, 1.8246246044172332, 2.861350176273955]","{'mu1a': 0.19249503921586547, 'mu1b': 1.8304098811323246, 'mu2': 2.1727216073311597, 'kappa': 4.938531976229382}",313.613275,11,-689.485684024566126
29,Tandem,5,False,SYMBOLIC_LOG_SEMIRING,"[1.5063347238290272, 1.2119689933640576, 1.8246246044172332, 2.861350176273955]","{'mu1a': 0.19249503921586558, 'mu1b': 1.830409881132325, 'mu2': 2.1727216073311593, 'kappa': 4.9385319762293864}",313.86957,11,-689.485684024566126
30,Tandem,6,True,CLASSIC,"[3.9278597707325793, 1.44358428042451, 2.678444588731032, 3.9535200743600996]","{'mu1a': 0.19391012967834806, 'mu1b': 1.748612635441043, 'mu2': 2.098471436458839, 'kappa': 3.9401682162478715}",1316.159854,3,7094.9117535079958543
31,Tandem,6,True,SYMBOLIC,"[3.9278597707325793, 1.44358428042451, 2.678444588731032, 3.9535200743600996]","{'mu1a': 0.19391012967834806, 'mu1b': 1.7486126354410425, 'mu2': 2.0984714364588393, 'kappa': 3.940168216247871}",118.365673,3,7094.911753507996764
32,Tandem,6,True,SYMBOLIC_LOG_SEMIRING,"[3.9278597707325793, 1.44358428042451, 2.678444588731032, 3.9535200743600996]","{'mu1a': 0.19391012967834834, 'mu1b': 1.7486126354410454, 'mu2': 2.0984714364588375, 'kappa': 3.9401682162478724}",118.390745,3,7094.911753507998583
33,Tandem,6,False,CLASSIC,"[3.9278597707325793, 1.44358428042451, 2.678444588731032, 3.9535200743600996]","{'mu1a': 0.32252056158349496, 'mu1b': 2.0104737447195835, 'mu2': 1.3195282813387967, 'kappa': 4.320860489120054}",2197.874887,27,-741.85834888371175566
34,Tandem,6,False,SYMBOLIC,"[3.9278597707325793, 1.44358428042451, 2.678444588731032, 3.9535200743600996]","{'mu1a': 0.32252056158349485, 'mu1b': 2.010473744719583, 'mu2': 1.319528281338797, 'kappa': 4.320860489120052}",870.038506,27,-741.85834888371186935
35,Tandem,6,False,SYMBOLIC_LOG_SEMIRING,"[3.9278597707325793, 1.44358428042451, 2.678444588731032, 3.9535200743600996]","{'mu1a': 0.3225205615834952, 'mu1b': 2.010473744719585, 'mu2': 1.3195282813387974, 'kappa': 4.320860489120052}",869.315607,27,-741.858348883711642
36,Tandem,7,True,CLASSIC,"[0.3029397047466331, 3.08510505953868, 2.9597330699101403, 0.6324923677830537]","{'mu1a': 0.24994401325917961, 'mu1b': 2.1026831910213195, 'mu2': 1.5689255216458726, 'kappa': 3.8204988483033735}",1319.269826,3,7040.810611830630478
37,Tandem,7,True,SYMBOLIC,"[0.3029397047466331, 3.08510505953868, 2.9597330699101403, 0.6324923677830537]","{'mu1a': 0.24994401325917961, 'mu1b': 2.1026831910213204, 'mu2': 1.5689255216458724, 'kappa': 3.820498848303373}",118.240383,3,7040.810611830630478
38,Tandem,7,True,SYMBOLIC_LOG_SEMIRING,"[0.3029397047466331, 3.08510505953868, 2.9597330699101403, 0.6324923677830537]","{'mu1a': 0.24994401325917906, 'mu1b': 2.10268319102132, 'mu2': 1.5689255216458688, 'kappa': 3.8204988483033793}",117.800945,3,7040.810611830630478
39,Tandem,7,False,CLASSIC,"[0.3029397047466331, 3.08510505953868, 2.9597330699101403, 0.6324923677830537]","{'mu1a': 0.24257484965195644, 'mu1b': 1.9188462697553, 'mu2': 1.1980138164942753, 'kappa': 4.545745111713352}",1632.361036,20,-728.88574221504381967
40,Tandem,7,False,SYMBOLIC,"[0.3029397047466331, 3.08510505953868, 2.9597330699101403, 0.6324923677830537]","{'mu1a': 0.2425748496519565, 'mu1b': 1.9188462697553, 'mu2': 1.1980138164942757, 'kappa': 4.545745111713352}",647.035781,20,-728.88574221504381967
41,Tandem,7,False,SYMBOLIC_LOG_SEMIRING,"[0.3029397047466331, 3.08510505953868, 2.9597330699101403, 0.6324923677830537]","{'mu1a': 0.2425748496519565, 'mu1b': 1.9188462697552984, 'mu2': 1.1980138164942737, 'kappa': 4.545745111713351}",646.377182,20,-728.88574221504381967
42,Tandem,8,True,CLASSIC,"[1.660272554937863, 2.7023120544996013, 4.491103516591379, 4.1525894814783335]","{'mu1a': 0.23318847033556037, 'mu1b': 1.815324988486875, 'mu2': 2.2010680430491054, 'kappa': 3.7826425776195425}",477.832265,3,7123.592525840138478
43,Tandem,8,True,SYMBOLIC,"[1.660272554937863, 2.7023120544996013, 4.491103516591379, 4.1525894814783335]","{'mu1a': 0.23318847033556042, 'mu1b': 1.815324988486875, 'mu2': 2.2010680430491054, 'kappa': 3.7826425776195425}",46.377812,3,7123.592525840138478
44,Tandem,8,True,SYMBOLIC_LOG_SEMIRING,"[1.660272554937863, 2.7023120544996013, 4.491103516591379, 4.1525894814783335]","{'mu1a': 0.23318847033555953, 'mu1b': 1.815324988486874, 'mu2': 2.2010680430491063, 'kappa': 3.7826425776195403}",46.623851,3,7123.592525840136659
45,Tandem,8,False,CLASSIC,"[1.660272554937863, 2.7023120544996013, 4.491103516591379, 4.1525894814783335]","{'mu1a': 0.26802064281660243, 'mu1b': 2.199404226248522, 'mu2': 1.3218446140055065, 'kappa': 4.483339138932755}",1102.376777,31,-711.75584452547695946
46,Tandem,8,False,SYMBOLIC,"[1.660272554937863, 2.7023120544996013, 4.491103516591379, 4.1525894814783335]","{'mu1a': 0.26802064281660243, 'mu1b': 2.199404226248521, 'mu2': 1.3218446140055033, 'kappa': 4.483339138932759}",382.634039,31,-711.75584452547695946
47,Tandem,8,False,SYMBOLIC_LOG_SEMIRING,"[1.660272554937863, 2.7023120544996013, 4.491103516591379, 4.1525894814783335]","{'mu1a': 0.2680206428166023, 'mu1b': 2.19940422624852, 'mu2': 1.3218446140055047, 'kappa': 4.483339138932751}",381.94865,31,-711.75584452547695946
48,Tandem,9,True,CLASSIC,"[3.1037980846134854, 3.29180718947367, 4.601447802438237, 3.512262462085608]","{'mu1a': 0.24325987530700338, 'mu1b': 1.8801021071025488, 'mu2': 2.5458631997250447, 'kappa': 3.8263707353597196}",477.310564,3,6951.5721800504215935
49,Tandem,9,True,SYMBOLIC,"[3.1037980846134854, 3.29180718947367, 4.601447802438237, 3.512262462085608]","{'mu1a': 0.24325987530700333, 'mu1b': 1.8801021071025488, 'mu2': 2.5458631997250447, 'kappa': 3.8263707353597196}",46.390179,3,6951.572180050422503
50,Tandem,9,True,SYMBOLIC_LOG_SEMIRING,"[3.1037980846134854, 3.29180718947367, 4.601447802438237, 3.512262462085608]","{'mu1a': 0.24325987530700444, 'mu1b': 1.8801021071025485, 'mu2': 2.5458631997250456, 'kappa': 3.826370735359713}",46.256907,3,6951.5721800504234125
51,Tandem,9,False,CLASSIC,"[3.1037980846134854, 3.29180718947367, 4.601447802438237, 3.512262462085608]","{'mu1a': 0.2660423614236086, 'mu1b': 2.208845837692573, 'mu2': 11.711957291356947, 'kappa': 5.124100204117671}",837.485127,24,-669.5821359504135444
52,Tandem,9,False,SYMBOLIC,"[3.1037980846134854, 3.29180718947367, 4.601447802438237, 3.512262462085608]","{'mu1a': 0.26604236142360854, 'mu1b': 2.2088458376925724, 'mu2': 11.711957291356935, 'kappa': 5.12410020411767}",295.502008,24,-669.58213595041365807
53,Tandem,9,False,SYMBOLIC_LOG_SEMIRING,"[3.1037980846134854, 3.29180718947367, 4.601447802438237, 3.512262462085608]","{'mu1a': 0.2660423614236085, 'mu1b': 2.208845837692572, 'mu2': 11.711957291356928, 'kappa': 5.124100204117667}",294.524004,24,-669.58213595041297594
54,Tandem,10,True,CLASSIC,"[3.1408201756827054, 0.8828547152592348, 1.5054842328014164, 3.010927235715051]","{'mu1a': 0.15273455488054036, 'mu1b': 1.711747777204205, 'mu2': 2.1821458960575217, 'kappa': 4.1710693065456965}",477.211915,3,6865.4185066214567996
55,Tandem,10,True,SYMBOLIC,"[3.1408201756827054, 0.8828547152592348, 1.5054842328014164, 3.010927235715051]","{'mu1a': 0.15273455488054036, 'mu1b': 1.7117477772042047, 'mu2': 2.1821458960575217, 'kappa': 4.1710693065456965}",46.41797,3,6865.4185066214567996
56,Tandem,10,True,SYMBOLIC_LOG_SEMIRING,"[3.1408201756827054, 0.8828547152592348, 1.5054842328014164, 3.010927235715051]","{'mu1a': 0.15273455488054077, 'mu1b': 1.7117477772042013, 'mu2': 2.1821458960575213, 'kappa': 4.171069306545701}",46.188018,3,6865.418506621457709
57,Tandem,10,False,CLASSIC,"[3.1408201756827054, 0.8828547152592348, 1.5054842328014164, 3.010927235715051]","{'mu1a': 0.1807410633084613, 'mu1b': 1.8305927057145843, 'mu2': 2.4157752649332007, 'kappa': 4.102232095159713}",605.170037,20,-667.09621947630785144
58,Tandem,10,False,SYMBOLIC,"[3.1408201756827054, 0.8828547152592348, 1.5054842328014164, 3.010927235715051]","{'mu1a': 0.18074106330846137, 'mu1b': 1.8305927057145845, 'mu2': 2.4157752649332007, 'kappa': 4.102232095159714}",218.016383,20,-667.09621947630773775
59,Tandem,10,False,SYMBOLIC_LOG_SEMIRING,"[3.1408201756827054, 0.8828547152592348, 1.5054842328014164, 3.010927235715051]","{'mu1a': 0.18074106330846132, 'mu1b': 1.830592705714584, 'mu2': 2.4157752649331994, 'kappa': 4.102232095159708}",217.674633,20,-667.09621947630785144
